label,h1_0_x,h1_0_y,h1_0_z,h1_1_x,h1_1_y,h1_1_z,h1_2_x,h1_2_y,h1_2_z,h1_3_x,h1_3_y,h1_3_z,h1_4_x,h1_4_y,h1_4_z,h1_5_x,h1_5_y,h1_5_z,h1_6_x,h1_6_y,h1_6_z,h1_7_x,h1_7_y,h1_7_z,h1_8_x,h1_8_y,h1_8_z,h1_9_x,h1_9_y,h1_9_z,h1_10_x,h1_10_y,h1_10_z,h1_11_x,h1_11_y,h1_11_z,h1_12_x,h1_12_y,h1_12_z,h1_13_x,h1_13_y,h1_13_z,h1_14_x,h1_14_y,h1_14_z,h1_15_x,h1_15_y,h1_15_z,h1_16_x,h1_16_y,h1_16_z,h1_17_x,h1_17_y,h1_17_z,h1_18_x,h1_18_y,h1_18_z,h1_19_x,h1_19_y,h1_19_z,h1_20_x,h1_20_y,h1_20_z,h2_0_x,h2_0_y,h2_0_z,h2_1_x,h2_1_y,h2_1_z,h2_2_x,h2_2_y,h2_2_z,h2_3_x,h2_3_y,h2_3_z,h2_4_x,h2_4_y,h2_4_z,h2_5_x,h2_5_y,h2_5_z,h2_6_x,h2_6_y,h2_6_z,h2_7_x,h2_7_y,h2_7_z,h2_8_x,h2_8_y,h2_8_z,h2_9_x,h2_9_y,h2_9_z,h2_10_x,h2_10_y,h2_10_z,h2_11_x,h2_11_y,h2_11_z,h2_12_x,h2_12_y,h2_12_z,h2_13_x,h2_13_y,h2_13_z,h2_14_x,h2_14_y,h2_14_z,h2_15_x,h2_15_y,h2_15_z,h2_16_x,h2_16_y,h2_16_z,h2_17_x,h2_17_y,h2_17_z,h2_18_x,h2_18_y,h2_18_z,h2_19_x,h2_19_y,h2_19_z,h2_20_x,h2_20_y,h2_20_z
Idle,0,0,0,0,0,0,0,0,0,0,0,0,0,0,0,0,0,0,0,0,0,0,0,0,0,0,0,0,0,0,0.1080471357,-1.292426659,-0.1030063689,0.1274402113,-1.545771657,-0.1393341747,0.1385219688,-1.835833322,-0.1667837861,0.02770439377,-0.7600349953,-0.1151418972,0.213323832,-1.108843326,-0.1802982206,0.4072545884,-0.9179166609,-0.2033255051,0.5291539209,-0.8224533282,-0.2087262583,0.1246841344,-0.6130839346,-0.1753175377,0.279814377,-0.7563633286,-0.2477732317,0.3906319521,-0.741676662,-0.2663644389,0.5069904059,-0.6351983294,-0.2683420534,0,0,0,0,0,0,0,0,0,0,0,0,0,0,0,0,0,0,0,0,0,0,0,0,0,0,0,-0.1101794707,-0.9406361121,-0.1791811443,-0.1600617858,-1.267508846,-0.3218917141,-0.1766892241,-1.506236124,-0.4086517848,-0.187774183,-1.733945219,-0.4565589372,-0.06029715564,-0.8267815643,-0.2212543993,-0.2625976556,-1.113254297,-0.3975267179,-0.401159642,-0.9222724753,-0.4507887971,-0.5286366694,-0.7202724712,-0.4491668276,-0.04366971728,-0.6357997422,-0.2674519862,-0.2764538543,-0.8120906549,-0.4164151369,-0.3956171625,-0.6688542883,-0.4548920886,-0.5258654296,-0.5513270132,-0.4551906162
Idle,-0,0,0,-0,0,0,-0,0,0,-0,0,0,-0,0,0,-0,0,0,-0,0,0,-0,0,0,-0,0,0,0.1101794707,-0.9406361121,-0.1791811443,0.1600617858,-1.267508846,-0.3218917141,0.1766892241,-1.506236124,-0.4086517848,0.187774183,-1.733945219,-0.4565589372,0.06029715564,-0.8267815643,-0.2212543993,0.2625976556,-1.113254297,-0.3975267179,0.401159642,-0.9222724753,-0.4507887971,0.5286366694,-0.7202724712,-0.4491668276,0.04366971728,-0.6357997422,-0.2674519862,0.2764538543,-0.8120906549,-0.4164151369,0.3956171625,-0.6688542883,-0.4548920886,0.5258654296,-0.5513270132,-0.4551906162,-0,0,0,-0,0,0,-0,0,0,-0,0,0,-0,0,0,-0,0,0,-0,0,0,-0,0,0,-0,0,0,-0,0,0,-0.1080471357,-1.292426659,-0.1030063689,-0.1274402113,-1.545771657,-0.1393341747,-0.1385219688,-1.835833322,-0.1667837861,-0.02770439377,-0.7600349953,-0.1151418972,-0.213323832,-1.108843326,-0.1802982206,-0.4072545884,-0.9179166609,-0.2033255051,-0.5291539209,-0.8224533282,-0.2087262583,-0.1246841344,-0.6130839346,-0.1753175377,-0.279814377,-0.7563633286,-0.2477732317,-0.3906319521,-0.741676662,-0.2663644389,-0.5069904059,-0.6351983294,-0.2683420534
Idle,0,0,0,0,0,0,0,0,0,0,0,0,0,0,0,0,0,0,0,0,0,0,0,0,0,0,0,0,0,0,0.1080471357,-1.292426659,-0.1030063689,0.1274402113,-1.545771657,-0.1393341747,0.1385219688,-1.835833322,-0.1667837861,0.02770439377,-0.7600349953,-0.1151418972,0.213323832,-1.108843326,-0.1802982206,0.4072545884,-0.9179166609,-0.2033255051,0.5291539209,-0.8224533282,-0.2087262583,0.1246841344,-0.6130839346,-0.1753175377,0.279814377,-0.7563633286,-0.2477732317,0.3906319521,-0.741676662,-0.2663644389,0.5069904059,-0.6351983294,-0.2683420534,0,0,0,0,0,0,0,0,0,0,0,0,0,0,0,0,0,0,0,0,0,0,0,0,0,0,0,0,0,0,0,0,0,0,0,0,0,0,0,0,0,0,0,0,0,0,0,0,0,0,0,0,0,0,0,0,0,0,0,0,0,0,0
Idle,0,0,0,0,0,0,0,0,0,0,0,0,0,0,0,0,0,0,0,0,0,0,0,0,0,0,0,0,0,0,0.1080471357,-1.292426659,-0.1030063689,0.1274402113,-1.545771657,-0.1393341747,0.1385219688,-1.835833322,-0.1667837861,0.02770439377,-0.7600349953,-0.1151418972,0.213323832,-1.108843326,-0.1802982206,0.4072545884,-0.9179166609,-0.2033255051,0.5291539209,-0.8224533282,-0.2087262583,0.1246841344,-0.6130839346,-0.1753175377,0.279814377,-0.7563633286,-0.2477732317,0.3906319521,-0.741676662,-0.2663644389,0.5069904059,-0.6351983294,-0.2683420534,0,0,0,0,0,0,0,0,0,0,0,0,0,0,0,0,0,0,0,0,0,0,0,0,0,0,0,0,0,0,0,0,0,0,0,0,0,0,0,0,0,0,0,0,0,0,0,0,0,0,0,0,0,0,0,0,0,0,0,0,0,0,0
Idle,0,0,0,0,0,0,0,0,0,0,0,0,0,0,0,0,0,0,0,0,0,0,0,0,0,0,0,0.1953196145,-0.7604370585,-0.05638546278,0.2197271089,-1.198655857,-0.1093307607,0.236157219,-1.493807793,-0.1469032139,0.2570748921,-1.725981363,-0.1741262496,0.1394129811,-0.7002593224,-0.1136857079,0.3119837838,-1.022530098,-0.1806794224,0.4636369135,-0.8943148435,-0.2088316286,0.5917576609,-0.77649542,-0.2165126637,0.2258479774,-0.5931825105,-0.1681712946,0.3721220939,-0.7314468168,-0.240589994,0.4923987139,-0.6794676594,-0.2637181474,0.5865282427,-0.5789746217,-0.2688396603,0,0,0,0,0,0,0,0,0,0,0,0,0,0,0,0,0,0,0,0,0,0,0,0,0,0,0,-0.0787776401,-0.8847255507,-0.17393683,-0.1376852558,-1.276681545,-0.3014063858,-0.1596891403,-1.539137517,-0.3813705999,-0.1761920537,-1.750560383,-0.428447752,-0.0716736023,-0.9121593616,-0.2134875015,-0.2504551639,-1.109001341,-0.3763978379,-0.4099833266,-0.9194498053,-0.4281922882,-0.5062503213,-0.7481243792,-0.4289761361,-0.03866777554,-0.6533486116,-0.257768203,-0.2642075917,-0.8246740377,-0.4011281275,-0.3962308988,-0.6825103863,-0.4403579995,-0.5007493502,-0.5913798405,-0.4425016161
Idle,-0,0,0,-0,0,0,-0,0,0,-0,0,0,-0,0,0,-0,0,0,-0,0,0,-0,0,0,-0,0,0,0.0787776401,-0.8847255507,-0.17393683,0.1376852558,-1.276681545,-0.3014063858,0.1596891403,-1.539137517,-0.3813705999,0.1761920537,-1.750560383,-0.428447752,0.0716736023,-0.9121593616,-0.2134875015,0.2504551639,-1.109001341,-0.3763978379,0.4099833266,-0.9194498053,-0.4281922882,0.5062503213,-0.7481243792,-0.4289761361,0.03866777554,-0.6533486116,-0.257768203,0.2642075917,-0.8246740377,-0.4011281275,0.3962308988,-0.6825103863,-0.4403579995,0.5007493502,-0.5913798405,-0.4425016161,-0,0,0,-0,0,0,-0,0,0,-0,0,0,-0,0,0,-0,0,0,-0,0,0,-0,0,0,-0,0,0,-0.1953196145,-0.7604370585,-0.05638546278,-0.2197271089,-1.198655857,-0.1093307607,-0.236157219,-1.493807793,-0.1469032139,-0.2570748921,-1.725981363,-0.1741262496,-0.1394129811,-0.7002593224,-0.1136857079,-0.3119837838,-1.022530098,-0.1806794224,-0.4636369135,-0.8943148435,-0.2088316286,-0.5917576609,-0.77649542,-0.2165126637,-0.2258479774,-0.5931825105,-0.1681712946,-0.3721220939,-0.7314468168,-0.240589994,-0.4923987139,-0.6794676594,-0.2637181474,-0.5865282427,-0.5789746217,-0.2688396603
Idle,0,0,0,0,0,0,0,0,0,0,0,0,0,0,0,0,0,0,0,0,0,0,0,0,0,0,0,0.1953196145,-0.7604370585,-0.05638546278,0.2197271089,-1.198655857,-0.1093307607,0.236157219,-1.493807793,-0.1469032139,0.2570748921,-1.725981363,-0.1741262496,0.1394129811,-0.7002593224,-0.1136857079,0.3119837838,-1.022530098,-0.1806794224,0.4636369135,-0.8943148435,-0.2088316286,0.5917576609,-0.77649542,-0.2165126637,0.2258479774,-0.5931825105,-0.1681712946,0.3721220939,-0.7314468168,-0.240589994,0.4923987139,-0.6794676594,-0.2637181474,0.5865282427,-0.5789746217,-0.2688396603,0,0,0,0,0,0,0,0,0,0,0,0,0,0,0,0,0,0,0,0,0,0,0,0,0,0,0,0,0,0,0,0,0,0,0,0,0,0,0,0,0,0,0,0,0,0,0,0,0,0,0,0,0,0,0,0,0,0,0,0,0,0,0
Idle,0,0,0,0,0,0,0,0,0,0,0,0,0,0,0,0,0,0,0,0,0,0,0,0,0,0,0,0.1953196145,-0.7604370585,-0.05638546278,0.2197271089,-1.198655857,-0.1093307607,0.236157219,-1.493807793,-0.1469032139,0.2570748921,-1.725981363,-0.1741262496,0.1394129811,-0.7002593224,-0.1136857079,0.3119837838,-1.022530098,-0.1806794224,0.4636369135,-0.8943148435,-0.2088316286,0.5917576609,-0.77649542,-0.2165126637,0.2258479774,-0.5931825105,-0.1681712946,0.3721220939,-0.7314468168,-0.240589994,0.4923987139,-0.6794676594,-0.2637181474,0.5865282427,-0.5789746217,-0.2688396603,0,0,0,0,0,0,0,0,0,0,0,0,0,0,0,0,0,0,0,0,0,0,0,0,0,0,0,0,0,0,0,0,0,0,0,0,0,0,0,0,0,0,0,0,0,0,0,0,0,0,0,0,0,0,0,0,0,0,0,0,0,0,0
Idle,0,0,0,0,0,0,0,0,0,0,0,0,0,0,0,0,0,0,0,0,0,0,0,0,0,0,0,0.09585253467,-0.9209927277,-0.2278322289,0.1038402459,-1.273863505,-0.3811592511,0.1011776755,-1.563217542,-0.456653315,0.09318996426,-1.789054839,-0.4948364096,0.04260112652,-0.7516147548,-0.2873235127,0.1702877322,-1.006452677,-0.4811269782,0.3202889711,-0.8579658823,-0.5161154104,0.4819252437,-0.7233850926,-0.4944310541,0.01065028163,-0.5081339187,-0.3475321641,0.1837173581,-0.6951554305,-0.5030927442,0.3228223559,-0.6466165101,-0.5268253505,0.4366615468,-0.5681219508,-0.5148072048,0,0,0,0,0,0,0,0,0,0,0,0,0,0,0,0.01204233305,-0.8817744471,0,-0.05419049872,-1.228898324,0,-0.07526458156,-1.512183328,0,-0.08128574808,-1.755569035,0,-0.05117991546,-0.9535931803,0,-0.114402164,-1.308696917,0,-0.1655820794,-1.683750302,0,-0.1866561623,-1.91516622,0,-0.006021166525,-0.829905362,0,-0.2860054099,-1.113190365,0,-0.4485769061,-0.893744236,0,-0.5659896533,-0.7062175436,0,-0.08730691461,-0.6304088807,0,-0.3281535756,-0.8059657842,0,-0.4666404057,-0.6503585288,0,-0.5720108199,-0.5346505697,0
Idle,-0,0,0,-0,0,0,-0,0,0,-0,0,0,-0,0,0,-0.01204233305,-0.8817744471,0,0.05419049872,-1.228898324,0,0.07526458156,-1.512183328,0,0.08128574808,-1.755569035,0,0.05117991546,-0.9535931803,0,0.114402164,-1.308696917,0,0.1655820794,-1.683750302,0,0.1866561623,-1.91516622,0,0.006021166525,-0.829905362,0,0.2860054099,-1.113190365,0,0.4485769061,-0.893744236,0,0.5659896533,-0.7062175436,0,0.08730691461,-0.6304088807,0,0.3281535756,-0.8059657842,0,0.4666404057,-0.6503585288,0,0.5720108199,-0.5346505697,0,-0,0,0,-0,0,0,-0,0,0,-0,0,0,-0,0,0,-0,0,0,-0,0,0,-0,0,0,-0,0,0,-0.09585253467,-0.9209927277,-0.2278322289,-0.1038402459,-1.273863505,-0.3811592511,-0.1011776755,-1.563217542,-0.456653315,-0.09318996426,-1.789054839,-0.4948364096,-0.04260112652,-0.7516147548,-0.2873235127,-0.1702877322,-1.006452677,-0.4811269782,-0.3202889711,-0.8579658823,-0.5161154104,-0.4819252437,-0.7233850926,-0.4944310541,-0.01065028163,-0.5081339187,-0.3475321641,-0.1837173581,-0.6951554305,-0.5030927442,-0.3228223559,-0.6466165101,-0.5268253505,-0.4366615468,-0.5681219508,-0.5148072048
Idle,0,0,0,0,0,0,0,0,0,0,0,0,0,0,0,0,0,0,0,0,0,0,0,0,0,0,0,0.09585253467,-0.9209927277,-0.2278322289,0.1038402459,-1.273863505,-0.3811592511,0.1011776755,-1.563217542,-0.456653315,0.09318996426,-1.789054839,-0.4948364096,0.04260112652,-0.7516147548,-0.2873235127,0.1702877322,-1.006452677,-0.4811269782,0.3202889711,-0.8579658823,-0.5161154104,0.4819252437,-0.7233850926,-0.4944310541,0.01065028163,-0.5081339187,-0.3475321641,0.1837173581,-0.6951554305,-0.5030927442,0.3228223559,-0.6466165101,-0.5268253505,0.4366615468,-0.5681219508,-0.5148072048,0,0,0,0,0,0,0,0,0,0,0,0,0,0,0,0,0,0,0,0,0,0,0,0,0,0,0,0,0,0,0,0,0,0,0,0,0,0,0,0,0,0,0,0,0,0,0,0,0,0,0,0,0,0,0,0,0,0,0,0,0,0,0
Idle,0,0,0,0,0,0,0,0,0,0,0,0,0,0,0,0,0,0,0,0,0,0,0,0,0,0,0,0.03228847276,-0.9842148925,-0.1740071837,0.07533976977,-1.369342459,-0.3175147221,0.06457694551,-1.622528174,-0.4017805272,0.04843270913,-1.872147893,-0.448573223,-0.06726765158,-0.841575053,-0.2387220253,0.03561562004,-1.110790756,-0.447581939,0.2445330455,-0.9135142752,-0.4981909457,0.4025852371,-0.7321912031,-0.4842028159,-0.1180913641,-0.624425035,-0.3058038815,-0.02049087565,-0.7547742006,-0.4904073114,0.1626179542,-0.6582379973,-0.5331530493,0.2825241366,-0.563427366,-0.5306681885,0,0,0,0.1413148044,-0.4369975878,0,0.1089301617,-0.6203805041,0,0.08832175273,-0.8310757697,0,0.02944058424,-1.057378092,0,0,-0.838879298,0,-0.07065740218,-1.252466301,0,-0.1148182785,-1.513884501,0,-0.1442588628,-1.701169181,0,-0.09126581115,-0.9091110532,0,-0.1619232133,-1.295385707,0,-0.214916265,-1.54119685,0,-0.2767414919,-1.857239748,0,-0.2237484402,-0.772549307,0,-0.3915597704,-1.115904555,0,-0.5652592175,-0.9208163457,0,-0.6624131455,-0.7491387219,0,-0.3621191862,-0.6047734474,0,-0.5475948669,-0.8310757697,0,-0.6300285028,-0.6867104951,0,-0.7124621387,-0.5696575698,0
Idle,-0,0,0,-0.1413148044,-0.4369975878,0,-0.1089301617,-0.6203805041,0,-0.08832175273,-0.8310757697,0,-0.02944058424,-1.057378092,0,-0,-0.838879298,0,0.07065740218,-1.252466301,0,0.1148182785,-1.513884501,0,0.1442588628,-1.701169181,0,0.09126581115,-0.9091110532,0,0.1619232133,-1.295385707,0,0.214916265,-1.54119685,0,0.2767414919,-1.857239748,0,0.2237484402,-0.772549307,0,0.3915597704,-1.115904555,0,0.5652592175,-0.9208163457,0,0.6624131455,-0.7491387219,0,0.3621191862,-0.6047734474,0,0.5475948669,-0.8310757697,0,0.6300285028,-0.6867104951,0,0.7124621387,-0.5696575698,0,-0,0,0,-0,0,0,-0,0,0,-0,0,0,-0,0,0,-0,0,0,-0,0,0,-0,0,0,-0,0,0,-0.03228847276,-0.9842148925,-0.1740071837,-0.07533976977,-1.369342459,-0.3175147221,-0.06457694551,-1.622528174,-0.4017805272,-0.04843270913,-1.872147893,-0.448573223,0.06726765158,-0.841575053,-0.2387220253,-0.03561562004,-1.110790756,-0.447581939,-0.2445330455,-0.9135142752,-0.4981909457,-0.4025852371,-0.7321912031,-0.4842028159,0.1180913641,-0.624425035,-0.3058038815,0.02049087565,-0.7547742006,-0.4904073114,-0.1626179542,-0.6582379973,-0.5331530493,-0.2825241366,-0.563427366,-0.5306681885
Idle,0,0,0,0,0,0,0,0,0,0,0,0,0,0,0,0,0,0,0,0,0,0,0,0,0,0,0,0.03228847276,-0.9842148925,-0.1740071837,0.07533976977,-1.369342459,-0.3175147221,0.06457694551,-1.622528174,-0.4017805272,0.04843270913,-1.872147893,-0.448573223,-0.06726765158,-0.841575053,-0.2387220253,0.03561562004,-1.110790756,-0.447581939,0.2445330455,-0.9135142752,-0.4981909457,0.4025852371,-0.7321912031,-0.4842028159,-0.1180913641,-0.624425035,-0.3058038815,-0.02049087565,-0.7547742006,-0.4904073114,0.1626179542,-0.6582379973,-0.5331530493,0.2825241366,-0.563427366,-0.5306681885,0,0,0,0,0,0,0,0,0,0,0,0,0,0,0,0,0,0,0,0,0,0,0,0,0,0,0,0,0,0,0,0,0,0,0,0,0,0,0,0,0,0,0,0,0,0,0,0,0,0,0,0,0,0,0,0,0,0,0,0,0,0,0
Idle,0,0,0,0,0,0,0,0,0,0,0,0,0,0,0,0,0,0,0,0,0,0,0,0,0,0,0,0.1524952533,-0.9052491817,-0.1783144677,0.165203191,-1.376820848,-0.3378904822,0.1620262066,-1.709447292,-0.4235945341,0.1556722377,-1.999969122,-0.4670119053,-0.05400873553,-0.6694633483,-0.2521692247,0.1232467336,-1.075590902,-0.4957488812,0.3740731239,-0.8514734857,-0.5468719529,0.5614723676,-0.6427625541,-0.521157442,-0.04962004888,-0.4944354326,-0.3298627925,0.0670537395,-0.6523809841,-0.5394778682,0.2843634342,-0.5454117783,-0.5824886808,0.4489535677,-0.4223308691,-0.5740703049,0,0,0,0.166475798,-0.3506450221,0,0.09215624534,-0.62249341,0,0.06242842426,-0.8273646589,0,0.01486391054,-1.067694393,0,-0.01486391054,-0.8510036492,0,-0.07134677059,-1.225287662,0,-0.1308024127,-1.540474198,0,-0.1456663233,-1.749285279,0,-0.07431955269,-0.8431239857,0,-0.1813397086,-1.304084296,0,-0.2318770044,-1.611391169,0,-0.276468736,-1.89111922,0,-0.2110675297,-0.744628193,0,-0.4042983667,-1.114972374,0,-0.5915836394,-0.9022214614,0,-0.6718487564,-0.7406883613,0,-0.359706635,-0.5712755978,0,-0.5440191257,-0.8037256687,0,-0.6480664995,-0.6579518954,0,-0.7372499627,-0.555516271,0
Idle,-0,0,0,-0.166475798,-0.3506450221,0,-0.09215624534,-0.62249341,0,-0.06242842426,-0.8273646589,0,-0.01486391054,-1.067694393,0,0.01486391054,-0.8510036492,0,0.07134677059,-1.225287662,0,0.1308024127,-1.540474198,0,0.1456663233,-1.749285279,0,0.07431955269,-0.8431239857,0,0.1813397086,-1.304084296,0,0.2318770044,-1.611391169,0,0.276468736,-1.89111922,0,0.2110675297,-0.744628193,0,0.4042983667,-1.114972374,0,0.5915836394,-0.9022214614,0,0.6718487564,-0.7406883613,0,0.359706635,-0.5712755978,0,0.5440191257,-0.8037256687,0,0.6480664995,-0.6579518954,0,0.7372499627,-0.555516271,0,-0,0,0,-0,0,0,-0,0,0,-0,0,0,-0,0,0,-0,0,0,-0,0,0,-0,0,0,-0,0,0,-0.1524952533,-0.9052491817,-0.1783144677,-0.165203191,-1.376820848,-0.3378904822,-0.1620262066,-1.709447292,-0.4235945341,-0.1556722377,-1.999969122,-0.4670119053,0.05400873553,-0.6694633483,-0.2521692247,-0.1232467336,-1.075590902,-0.4957488812,-0.3740731239,-0.8514734857,-0.5468719529,-0.5614723676,-0.6427625541,-0.521157442,0.04962004888,-0.4944354326,-0.3298627925,-0.0670537395,-0.6523809841,-0.5394778682,-0.2843634342,-0.5454117783,-0.5824886808,-0.4489535677,-0.4223308691,-0.5740703049
Idle,0,0,0,0,0,0,0,0,0,0,0,0,0,0,0,0,0,0,0,0,0,0,0,0,0,0,0,0.1524952533,-0.9052491817,-0.1783144677,0.165203191,-1.376820848,-0.3378904822,0.1620262066,-1.709447292,-0.4235945341,0.1556722377,-1.999969122,-0.4670119053,-0.05400873553,-0.6694633483,-0.2521692247,0.1232467336,-1.075590902,-0.4957488812,0.3740731239,-0.8514734857,-0.5468719529,0.5614723676,-0.6427625541,-0.521157442,-0.04962004888,-0.4944354326,-0.3298627925,0.0670537395,-0.6523809841,-0.5394778682,0.2843634342,-0.5454117783,-0.5824886808,0.4489535677,-0.4223308691,-0.5740703049,0,0,0,0,0,0,0,0,0,0,0,0,0,0,0,0,0,0,0,0,0,0,0,0,0,0,0,0,0,0,0,0,0,0,0,0,0,0,0,0,0,0,0,0,0,0,0,0,0,0,0,0,0,0,0,0,0,0,0,0,0,0,0
Idle,0,0,0,0,0,0,0,0,0,0,0,0,0,0,0,0,0,0,0,0,0,0,0,0,0,0,0,0,0,0,0,0,0,0,0,0,0,0,0,0,0,0,0,0,0,0,0,0,0,0,0,0,0,0,0,0,0,0,0,0,0,0,0,0,0,0,0.166475798,-0.3506450221,0,0.09215624534,-0.62249341,0,0.06242842426,-0.8273646589,0,0.01486391054,-1.067694393,0,-0.01486391054,-0.8510036492,0,-0.07134677059,-1.225287662,0,-0.1308024127,-1.540474198,0,-0.1456663233,-1.749285279,0,-0.07431955269,-0.8431239857,0,-0.1813397086,-1.304084296,0,-0.2318770044,-1.611391169,0,-0.276468736,-1.89111922,0,-0.2110675297,-0.744628193,0,-0.4042983667,-1.114972374,0,-0.5915836394,-0.9022214614,0,-0.6718487564,-0.7406883613,0,-0.359706635,-0.5712755978,0,-0.5440191257,-0.8037256687,0,-0.6480664995,-0.6579518954,0,-0.7372499627,-0.555516271,0
Idle,0,0,0,0,0,0,0,0,0,0,0,0,0,0,0,0,0,0,0,0,0,0,0,0,0,0,0,0.1922537609,-0.9055249217,-0.0832973535,0.2064702788,-1.203843421,-0.1577824255,0.2064702788,-1.489601142,-0.2015603326,0.2135785378,-1.712554968,-0.2318019563,0.1851455019,-0.6982720693,-0.160666708,0.3699602355,-0.9746092058,-0.2360102976,0.4908006383,-0.855281806,-0.2504942548,0.5950551034,-0.7642161587,-0.2487631135,0.2230562165,-0.491019217,-0.2307636351,0.4268263074,-0.6291877852,-0.3003621487,0.5524055495,-0.6166270063,-0.3135306846,0.6140104607,-0.5663838906,-0.312048385,0,0,0,0,0,0,0,0,0,0,0,0,0,0,0,0,0,0,0,0,0,0,0,0,0,0,0,-0.121668911,-0.9925707411,0,-0.1811514897,-1.311483362,0,-0.2244115469,-1.608896255,0,-0.2379303148,-1.88839271,0,-0.0243337822,-0.8850721049,0,-0.2757828649,-1.12873568,0,-0.4731568761,-0.91015512,0,-0.5731957585,-0.738157302,0,-0.01892627504,-0.6772414082,0,-0.2595603435,-0.8205729232,0,-0.4055630367,-0.6700748324,0,-0.5137131798,-0.5804926356,0
Idle,-0,0,0,-0,0,0,-0,0,0,-0,0,0,-0,0,0,-0,0,0,-0,0,0,-0,0,0,-0,0,0,0.121668911,-0.9925707411,0,0.1811514897,-1.311483362,0,0.2244115469,-1.608896255,0,0.2379303148,-1.88839271,0,0.0243337822,-0.8850721049,0,0.2757828649,-1.12873568,0,0.4731568761,-0.91015512,0,0.5731957585,-0.738157302,0,0.01892627504,-0.6772414082,0,0.2595603435,-0.8205729232,0,0.4055630367,-0.6700748324,0,0.5137131798,-0.5804926356,0,-0,0,0,-0,0,0,-0,0,0,-0,0,0,-0,0,0,-0,0,0,-0,0,0,-0,0,0,-0,0,0,-0.1922537609,-0.9055249217,-0.0832973535,-0.2064702788,-1.203843421,-0.1577824255,-0.2064702788,-1.489601142,-0.2015603326,-0.2135785378,-1.712554968,-0.2318019563,-0.1851455019,-0.6982720693,-0.160666708,-0.3699602355,-0.9746092058,-0.2360102976,-0.4908006383,-0.855281806,-0.2504942548,-0.5950551034,-0.7642161587,-0.2487631135,-0.2230562165,-0.491019217,-0.2307636351,-0.4268263074,-0.6291877852,-0.3003621487,-0.5524055495,-0.6166270063,-0.3135306846,-0.6140104607,-0.5663838906,-0.312048385
Idle,0,0,0,0,0,0,0,0,0,0,0,0,0,0,0,0,0,0,0,0,0,0,0,0,0,0,0,0,0,0,0,0,0,0,0,0,0,0,0,0,0,0,0,0,0,0,0,0,0,0,0,0,0,0,0,0,0,0,0,0,0,0,0,0,0,0,0,0,0,0,0,0,0,0,0,0,0,0,0,0,0,0,0,0,0,0,0,0,0,0,-0.121668911,-0.9925707411,0,-0.1811514897,-1.311483362,0,-0.2244115469,-1.608896255,0,-0.2379303148,-1.88839271,0,-0.0243337822,-0.8850721049,0,-0.2757828649,-1.12873568,0,-0.4731568761,-0.91015512,0,-0.5731957585,-0.738157302,0,-0.01892627504,-0.6772414082,0,-0.2595603435,-0.8205729232,0,-0.4055630367,-0.6700748324,0,-0.5137131798,-0.5804926356,0
Idle,0,0,0,0,0,0,0,0,0,0,0,0,0,0,0,0,0,0,0,0,0,0,0,0,0,0,0,0.1922537609,-0.9055249217,-0.0832973535,0.2064702788,-1.203843421,-0.1577824255,0.2064702788,-1.489601142,-0.2015603326,0.2135785378,-1.712554968,-0.2318019563,0.1851455019,-0.6982720693,-0.160666708,0.3699602355,-0.9746092058,-0.2360102976,0.4908006383,-0.855281806,-0.2504942548,0.5950551034,-0.7642161587,-0.2487631135,0.2230562165,-0.491019217,-0.2307636351,0.4268263074,-0.6291877852,-0.3003621487,0.5524055495,-0.6166270063,-0.3135306846,0.6140104607,-0.5663838906,-0.312048385,0,0,0,0,0,0,0,0,0,0,0,0,0,0,0,0,0,0,0,0,0,0,0,0,0,0,0,0,0,0,0,0,0,0,0,0,0,0,0,0,0,0,0,0,0,0,0,0,0,0,0,0,0,0,0,0,0,0,0,0,0,0,0
Idle,0,0,0,0,0,0,0,0,0,0,0,0,0,0,0,0,0,0,0,0,0,0,0,0,0,0,0,0.2447792671,-0.9649888142,-0.09423215384,0.2495396142,-1.163718966,-0.1555662117,0.2662008289,-1.447619184,-0.1621842333,0.2828620437,-1.696820485,-0.1537133704,0.2182321795,-0.6233594271,-0.1931990884,0.4566147121,-0.9460621331,-0.2315576583,0.5684828684,-0.8198842587,-0.1717815265,0.6494087687,-0.7410230872,-0.1127319305,0.3019471664,-0.4571044952,-0.2883172368,0.5234685141,-0.6519589358,-0.3262279718,0.6446894571,-0.6039495143,-0.2811276901,0.659427917,-0.5342482617,-0.2250149183,0,0,0,0,0,0,0,0,0,0,0,0,0,0,0,0,0,0,0,0,0,0,0,0,0,0,0,-0.1285731778,-1.055727901,0,-0.1537287996,-1.355776883,0,-0.1760893523,-1.633600015,0,-0.1928597668,-1.889197296,0,0.0167704145,-0.9038512554,0,-0.2208104576,-1.107588219,0,-0.3773343263,-0.926077106,0,-0.5087025732,-0.7112272174,0,0.05869645075,-0.5630548804,0,-0.1481386614,-0.7630875353,0,-0.3130477374,-0.6519582826,0,-0.4332357079,-0.5408290299,0
Idle,-0,0,0,-0,0,0,-0,0,0,-0,0,0,-0,0,0,-0,0,0,-0,0,0,-0,0,0,-0,0,0,0.1285731778,-1.055727901,0,0.1537287996,-1.355776883,0,0.1760893523,-1.633600015,0,0.1928597668,-1.889197296,0,-0.0167704145,-0.9038512554,0,0.2208104576,-1.107588219,0,0.3773343263,-0.926077106,0,0.5087025732,-0.7112272174,0,-0.05869645075,-0.5630548804,0,0.1481386614,-0.7630875353,0,0.3130477374,-0.6519582826,0,0.4332357079,-0.5408290299,0,-0,0,0,-0,0,0,-0,0,0,-0,0,0,-0,0,0,-0,0,0,-0,0,0,-0,0,0,-0,0,0,-0.2447792671,-0.9649888142,-0.09423215384,-0.2495396142,-1.163718966,-0.1555662117,-0.2662008289,-1.447619184,-0.1621842333,-0.2828620437,-1.696820485,-0.1537133704,-0.2182321795,-0.6233594271,-0.1931990884,-0.4566147121,-0.9460621331,-0.2315576583,-0.5684828684,-0.8198842587,-0.1717815265,-0.6494087687,-0.7410230872,-0.1127319305,-0.3019471664,-0.4571044952,-0.2883172368,-0.5234685141,-0.6519589358,-0.3262279718,-0.6446894571,-0.6039495143,-0.2811276901,-0.659427917,-0.5342482617,-0.2250149183
Idle,0,0,0,0,0,0,0,0,0,0,0,0,0,0,0,0,0,0,0,0,0,0,0,0,0,0,0,0.2447792671,-0.9649888142,-0.09423215384,0.2495396142,-1.163718966,-0.1555662117,0.2662008289,-1.447619184,-0.1621842333,0.2828620437,-1.696820485,-0.1537133704,0.2182321795,-0.6233594271,-0.1931990884,0.4566147121,-0.9460621331,-0.2315576583,0.5684828684,-0.8198842587,-0.1717815265,0.6494087687,-0.7410230872,-0.1127319305,0.3019471664,-0.4571044952,-0.2883172368,0.5234685141,-0.6519589358,-0.3262279718,0.6446894571,-0.6039495143,-0.2811276901,0.659427917,-0.5342482617,-0.2250149183,0,0,0,0,0,0,0,0,0,0,0,0,0,0,0,0,0,0,0,0,0,0,0,0,0,0,0,0,0,0,0,0,0,0,0,0,0,0,0,0,0,0,0,0,0,0,0,0,0,0,0,0,0,0,0,0,0,0,0,0,0,0,0
Idle,0,0,0,-0.1661669194,-0.5860725975,0.0334466516,-0.155446473,-0.7494625338,0.005398497488,-0.0938039061,-0.9945474382,-0.04556556203,0,0,0,0,0,0,0,0,0,0,0,0,0,0,0,0.05360223206,-1.040722855,-0.1085301131,0.0911237945,-1.3142234,-0.1894682202,0.09916412931,-1.633899363,-0.2287417285,0.1179249105,-1.889640133,-0.2514749645,0.1206050221,-0.6855273413,-0.1706901483,0.337694062,-1.040722855,-0.2439262543,0.4368581913,-0.9306122457,-0.2368384623,0.5413825438,-0.8240535916,-0.2199514382,0.2485304078,-0.4642785593,-0.2305173447,0.4717544622,-0.6806143187,-0.2941396928,0.5923046642,-0.625144104,-0.2805697166,0.573543883,-0.522137405,-0.2589642632,0,0,0,0,0,0,0,0,0,0,0,0,0,0,0,0,0,0,0,0,0,0,0,0,0,0,0,-0.09943433107,-0.9714100915,-0.2155811863,-0.1221621782,-1.287683145,-0.4083570719,-0.1505719871,-1.607721353,-0.4543954102,-0.1505719871,-1.871282231,-0.4530505091,0.04625372303,-0.7141649094,-0.2563746489,-0.1846637577,-1.073069287,-0.4160715608,-0.3437586874,-0.8772812067,-0.3740165526,-0.4858077318,-0.6400764169,-0.3092871969,0.1418590091,-0.5366852101,-0.308603831,-0.07670648397,-0.7191446802,-0.4129386988,-0.2244374901,-0.5873642414,-0.3817162517,-0.380691439,-0.478174735,-0.3343195265
Idle,-0,0,0,-0,0,0,-0,0,0,-0,0,0,-0,0,0,-0,0,0,-0,0,0,-0,0,0,-0,0,0,0.09943433107,-0.9714100915,-0.2155811863,0.1221621782,-1.287683145,-0.4083570719,0.1505719871,-1.607721353,-0.4543954102,0.1505719871,-1.871282231,-0.4530505091,-0.04625372303,-0.7141649094,-0.2563746489,0.1846637577,-1.073069287,-0.4160715608,0.3437586874,-0.8772812067,-0.3740165526,0.4858077318,-0.6400764169,-0.3092871969,-0.1418590091,-0.5366852101,-0.308603831,0.07670648397,-0.7191446802,-0.4129386988,0.2244374901,-0.5873642414,-0.3817162517,0.380691439,-0.478174735,-0.3343195265,-0,0,0,0.1661669194,-0.5860725975,0.0334466516,0.155446473,-0.7494625338,0.005398497488,0.0938039061,-0.9945474382,-0.04556556203,-0,0,0,-0,0,0,-0,0,0,-0,0,0,-0,0,0,-0.05360223206,-1.040722855,-0.1085301131,-0.0911237945,-1.3142234,-0.1894682202,-0.09916412931,-1.633899363,-0.2287417285,-0.1179249105,-1.889640133,-0.2514749645,-0.1206050221,-0.6855273413,-0.1706901483,-0.337694062,-1.040722855,-0.2439262543,-0.4368581913,-0.9306122457,-0.2368384623,-0.5413825438,-0.8240535916,-0.2199514382,-0.2485304078,-0.4642785593,-0.2305173447,-0.4717544622,-0.6806143187,-0.2941396928,-0.5923046642,-0.625144104,-0.2805697166,-0.573543883,-0.522137405,-0.2589642632
Idle,0,0,0,0,0,0,0,0,0,0,0,0,0,0,0,0,0,0,0,0,0,0,0,0,0,0,0,0,0,0,0,0,0,0,0,0,0,0,0,0,0,0,0,0,0,0,0,0,0,0,0,0,0,0,0,0,0,0,0,0,0,0,0,0,0,0,0,0,0,0,0,0,0,0,0,0,0,0,0,0,0,0,0,0,0,0,0,0,0,0,-0.09943433107,-0.9714100915,-0.2155811863,-0.1221621782,-1.287683145,-0.4083570719,-0.1505719871,-1.607721353,-0.4543954102,-0.1505719871,-1.871282231,-0.4530505091,0.04625372303,-0.7141649094,-0.2563746489,-0.1846637577,-1.073069287,-0.4160715608,-0.3437586874,-0.8772812067,-0.3740165526,-0.4858077318,-0.6400764169,-0.3092871969,0.1418590091,-0.5366852101,-0.308603831,-0.07670648397,-0.7191446802,-0.4129386988,-0.2244374901,-0.5873642414,-0.3817162517,-0.380691439,-0.478174735,-0.3343195265
Idle,0,0,0,-0.06870915897,-0.3829652434,-0.02866943498,-0.0736877346,-0.6468897343,-0.05908807012,0.003480187576,-0.9339076182,-0.1026616881,0.08811597319,-1.131850986,-0.1422385112,0.05824451944,-0.8712255516,-0.05363033383,0.1229660026,-1.25721512,-0.1499906637,0.1453695929,-1.481550937,-0.2109948371,0.1752410466,-1.679494305,-0.253586426,0.1528374563,-0.8448331025,-0.09193785718,0.1926660613,-1.204430221,-0.2473376537,0.2200482272,-1.494747161,-0.2908413115,0.2424518175,-1.722382035,-0.2851351485,0.210091076,-0.6336935097,-0.1354024751,0.4415948425,-0.9438047866,-0.2817839488,0.5561020819,-0.8283378218,-0.2584518758,0.6158449894,-0.7623566991,-0.1988648096,0.3644269203,-0.3895633556,-0.1823865789,0.5806052966,-0.6143391945,-0.2880802154,0.6755878968,-0.5842076677,-0.2732350846,0,0,0,0,0,0,0,0,0,0,0,0,0,0,0,0,0,0,0,0,0,0,0,0,0,0,0,0,0,0,-0.2174194435,-1.035656089,0,-0.2174194435,-1.428203155,0,-0.2394764885,-1.741405601,0,-0.2457785014,-2.012847721,0,0,0,0,-0.2804395721,-1.148408969,0,-0.4316878807,-0.902023045,0,-0.5671811571,-0.651461088,0,0.07562415428,-0.6598131533,0,-0.1607013278,-0.7558619034,0,-0.330855675,-0.5721164683,0,-0.4726509642,-0.4426594573,0
Idle,-0,0,0,-0,0,0,-0,0,0,-0,0,0,-0,0,0,-0,0,0,-0,0,0,-0,0,0,-0,0,0,0.2174194435,-1.035656089,0,0.2174194435,-1.428203155,0,0.2394764885,-1.741405601,0,0.2457785014,-2.012847721,0,-0,0,0,0.2804395721,-1.148408969,0,0.4316878807,-0.902023045,0,0.5671811571,-0.651461088,0,-0.07562415428,-0.6598131533,0,0.1607013278,-0.7558619034,0,0.330855675,-0.5721164683,0,0.4726509642,-0.4426594573,0,-0,0,0,0.06870915897,-0.3829652434,-0.02866943498,0.0736877346,-0.6468897343,-0.05908807012,-0.003480187576,-0.9339076182,-0.1026616881,-0.08811597319,-1.131850986,-0.1422385112,-0.05824451944,-0.8712255516,-0.05363033383,-0.1229660026,-1.25721512,-0.1499906637,-0.1453695929,-1.481550937,-0.2109948371,-0.1752410466,-1.679494305,-0.253586426,-0.1528374563,-0.8448331025,-0.09193785718,-0.1926660613,-1.204430221,-0.2473376537,-0.2200482272,-1.494747161,-0.2908413115,-0.2424518175,-1.722382035,-0.2851351485,-0.210091076,-0.6336935097,-0.1354024751,-0.4415948425,-0.9438047866,-0.2817839488,-0.5561020819,-0.8283378218,-0.2584518758,-0.6158449894,-0.7623566991,-0.1988648096,-0.3644269203,-0.3895633556,-0.1823865789,-0.5806052966,-0.6143391945,-0.2880802154,-0.6755878968,-0.5842076677,-0.2732350846,-0,0,0
Idle,0,0,0,0,0,0,0,0,0,0,0,0,0,0,0,0,0,0,0,0,0,0,0,0,0,0,0,0,0,0,0,0,0,0,0,0,0,0,0,0,0,0,0,0,0,0,0,0,0,0,0,0,0,0,0,0,0,0,0,0,0,0,0,0,0,0,0,0,0,0,0,0,0,0,0,0,0,0,0,0,0,0,0,0,0,0,0,0,0,0,-0.2174194435,-1.035656089,0,-0.2174194435,-1.428203155,0,-0.2394764885,-1.741405601,0,-0.2457785014,-2.012847721,0,0,0,0,-0.2804395721,-1.148408969,0,-0.4316878807,-0.902023045,0,-0.5671811571,-0.651461088,0,0.07562415428,-0.6598131533,0,-0.1607013278,-0.7558619034,0,-0.330855675,-0.5721164683,0,-0.4726509642,-0.4426594573,0
Idle,0,0,0,-0.06870915897,-0.3829652434,-0.02866943498,-0.0736877346,-0.6468897343,-0.05908807012,0.003480187576,-0.9339076182,-0.1026616881,0.08811597319,-1.131850986,-0.1422385112,0.05824451944,-0.8712255516,-0.05363033383,0.1229660026,-1.25721512,-0.1499906637,0.1453695929,-1.481550937,-0.2109948371,0.1752410466,-1.679494305,-0.253586426,0.1528374563,-0.8448331025,-0.09193785718,0.1926660613,-1.204430221,-0.2473376537,0.2200482272,-1.494747161,-0.2908413115,0.2424518175,-1.722382035,-0.2851351485,0.210091076,-0.6336935097,-0.1354024751,0.4415948425,-0.9438047866,-0.2817839488,0.5561020819,-0.8283378218,-0.2584518758,0.6158449894,-0.7623566991,-0.1988648096,0.3644269203,-0.3895633556,-0.1823865789,0.5806052966,-0.6143391945,-0.2880802154,0.6755878968,-0.5842076677,-0.2732350846,0,0,0,0,0,0,0,0,0,0,0,0,0,0,0,0,0,0,0,0,0,0,0,0,0,0,0,0,0,0,0,0,0,0,0,0,0,0,0,0,0,0,0,0,0,0,0,0,0,0,0,0,0,0,0,0,0,0,0,0,0,0,0,0,0,0
Idle,0,0,0,-0.03299065084,-0.3961526111,0.01240762332,-0.04975604096,-0.6483977676,-0.01241456344,0.01334942832,-0.9057323968,-0.05343587914,0.08616343133,-1.08908332,-0.09461919554,0.07160063073,-0.8349653737,-0.07578637194,0.1249975663,-1.192017172,-0.182421539,0.1468417672,-1.471868581,-0.2578433973,0.1808216352,-1.658436187,-0.3088825656,0.1371332334,-0.8574821538,-0.1294466652,0.1759673684,-1.17915044,-0.2797449297,0.1978115693,-1.504035409,-0.3179372351,0.2342185708,-1.687386333,-0.3136615568,0.2220829036,-0.6097975733,-0.1808329075,0.4599419801,-0.9314658597,-0.3007486528,0.5594544509,-0.8188819594,-0.2604132886,0.6249870536,-0.7545483021,-0.2001200703,0.3798465768,-0.3685463585,-0.2319904088,0.5744806118,-0.563078888,-0.3201280503,0.6880925229,-0.5711973789,-0.2951647553,0,0,0,0,0,0,0,0,0,0,0,0,0,0,0,0,0,0,0,0,0,0,0,0,0,0,0,0,0,0,-0.1511967894,-1.048804184,0,-0.183366319,-1.462357053,0,-0.2026680368,-1.794904721,0,-0.1962341309,-2.110398662,0,-0.006433905931,-0.9251646662,0,-0.2477053784,-1.180970565,0,-0.4278547444,-0.903847508,0,-0.5694006749,-0.6523050411,0,0.1254611657,-0.7034662208,0,-0.09972554194,-0.7716811271,0,-0.279874908,-0.5840901349,0,-0.4375056033,-0.4604506173,0
Idle,-0,0,0,-0,0,0,-0,0,0,-0,0,0,-0,0,0,-0,0,0,-0,0,0,-0,0,0,-0,0,0,0.1511967894,-1.048804184,0,0.183366319,-1.462357053,0,0.2026680368,-1.794904721,0,0.1962341309,-2.110398662,0,0.006433905931,-0.9251646662,0,0.2477053784,-1.180970565,0,0.4278547444,-0.903847508,0,0.5694006749,-0.6523050411,0,-0.1254611657,-0.7034662208,0,0.09972554194,-0.7716811271,0,0.279874908,-0.5840901349,0,0.4375056033,-0.4604506173,0,-0,0,0,0.03299065084,-0.3961526111,0.01240762332,0.04975604096,-0.6483977676,-0.01241456344,-0.01334942832,-0.9057323968,-0.05343587914,-0.08616343133,-1.08908332,-0.09461919554,-0.07160063073,-0.8349653737,-0.07578637194,-0.1249975663,-1.192017172,-0.182421539,-0.1468417672,-1.471868581,-0.2578433973,-0.1808216352,-1.658436187,-0.3088825656,-0.1371332334,-0.8574821538,-0.1294466652,-0.1759673684,-1.17915044,-0.2797449297,-0.1978115693,-1.504035409,-0.3179372351,-0.2342185708,-1.687386333,-0.3136615568,-0.2220829036,-0.6097975733,-0.1808329075,-0.4599419801,-0.9314658597,-0.3007486528,-0.5594544509,-0.8188819594,-0.2604132886,-0.6249870536,-0.7545483021,-0.2001200703,-0.3798465768,-0.3685463585,-0.2319904088,-0.5744806118,-0.563078888,-0.3201280503,-0.6880925229,-0.5711973789,-0.2951647553,-0,0,0
Idle,0,0,0,0,0,0,0,0,0,0,0,0,0,0,0,0,0,0,0,0,0,0,0,0,0,0,0,0,0,0,0,0,0,0,0,0,0,0,0,0,0,0,0,0,0,0,0,0,0,0,0,0,0,0,0,0,0,0,0,0,0,0,0,0,0,0,0,0,0,0,0,0,0,0,0,0,0,0,0,0,0,0,0,0,0,0,0,0,0,0,-0.1511967894,-1.048804184,0,-0.183366319,-1.462357053,0,-0.2026680368,-1.794904721,0,-0.1962341309,-2.110398662,0,-0.006433905931,-0.9251646662,0,-0.2477053784,-1.180970565,0,-0.4278547444,-0.903847508,0,-0.5694006749,-0.6523050411,0,0.1254611657,-0.7034662208,0,-0.09972554194,-0.7716811271,0,-0.279874908,-0.5840901349,0,-0.4375056033,-0.4604506173,0
Idle,0,0,0,0,0,0,0,0,0,0,0,0,0,0,0,0,0,0,0,0,0,0,0,0,0,0,0,0,0,0,0,0,0,0,0,0,0,0,0,0,0,0,0,0,0,0,0,0,0,0,0,0,0,0,0,0,0,0,0,0,0,0,0,0,0,0,0,0,0,0,0,0,0,0,0,0,0,0,0,0,0,0,0,0,0,0,0,0,0,0,-0.1511967894,-1.048804184,0,-0.183366319,-1.462357053,0,-0.2026680368,-1.794904721,0,-0.1962341309,-2.110398662,0,-0.006433905931,-0.9251646662,0,-0.2477053784,-1.180970565,0,-0.4278547444,-0.903847508,0,-0.5694006749,-0.6523050411,0,0.1254611657,-0.7034662208,0,-0.09972554194,-0.7716811271,0,-0.279874908,-0.5840901349,0,-0.4375056033,-0.4604506173,0
Idle,0,0,0,-0.02234704342,-0.4016468011,0.002514522656,-0.00839959087,-0.6296232343,-0.03007979242,0.04739021932,-0.8822457684,-0.07554692482,0.1124783312,-1.045526187,-0.1185012564,0.1078291804,-0.8452766171,-0.08135512672,0.1473469626,-1.168756691,-0.1534560734,0.1705927168,-1.390571599,-0.1918592208,0.1961630465,-1.578498118,-0.2191927694,0.1510703122,-0.707412314,-0.1342278659,0.2217333762,-1.113302964,-0.2130435173,0.2473037058,-1.396733124,-0.2400968887,0.2612511584,-1.649355658,-0.2567922381,0.2566020075,-0.592654083,-0.1853079845,0.4588400694,-0.8945688189,-0.2718048781,0.5518230864,-0.8083074658,-0.2635097852,0.6238849246,-0.7436114509,-0.2404362928,0.3631734432,-0.3925081793,-0.2361945869,0.5564722373,-0.5741695073,-0.3107521176,0.6727010085,-0.5618464569,-0.3068003431,0,0,0,0,0,0,0,0,0,0,0,0,0,0,0,0,0,0,0,0,0,0,0,0,0,0,0,0,0,0,-0.1341103096,-0.960193577,-0.2450361599,-0.1807794718,-1.380672298,-0.4813648726,-0.2083560014,-1.697414767,-0.5304699648,-0.2083560014,-2.050704443,-0.5220873249,-0.02451247075,-0.9502274054,-0.279051078,-0.2543168841,-1.177632255,-0.4860712882,-0.392199532,-0.9461666045,-0.4404788111,-0.5331462389,-0.698457751,-0.3619695099,0.09804988301,-0.6862753483,-0.3265057546,-0.1194982949,-0.7877953703,-0.4744101567,-0.2788293548,-0.6091201317,-0.4515713685,-0.3983276497,-0.4710529018,-0.4010410444
Idle,-0,0,0,-0,0,0,-0,0,0,-0,0,0,-0,0,0,-0,0,0,-0,0,0,-0,0,0,-0,0,0,0.1341103096,-0.960193577,-0.2450361599,0.1807794718,-1.380672298,-0.4813648726,0.2083560014,-1.697414767,-0.5304699648,0.2083560014,-2.050704443,-0.5220873249,0.02451247075,-0.9502274054,-0.279051078,0.2543168841,-1.177632255,-0.4860712882,0.392199532,-0.9461666045,-0.4404788111,0.5331462389,-0.698457751,-0.3619695099,-0.09804988301,-0.6862753483,-0.3265057546,0.1194982949,-0.7877953703,-0.4744101567,0.2788293548,-0.6091201317,-0.4515713685,0.3983276497,-0.4710529018,-0.4010410444,-0,0,0,0.02234704342,-0.4016468011,0.002514522656,0.00839959087,-0.6296232343,-0.03007979242,-0.04739021932,-0.8822457684,-0.07554692482,-0.1124783312,-1.045526187,-0.1185012564,-0.1078291804,-0.8452766171,-0.08135512672,-0.1473469626,-1.168756691,-0.1534560734,-0.1705927168,-1.390571599,-0.1918592208,-0.1961630465,-1.578498118,-0.2191927694,-0.1510703122,-0.707412314,-0.1342278659,-0.2217333762,-1.113302964,-0.2130435173,-0.2473037058,-1.396733124,-0.2400968887,-0.2612511584,-1.649355658,-0.2567922381,-0.2566020075,-0.592654083,-0.1853079845,-0.4588400694,-0.8945688189,-0.2718048781,-0.5518230864,-0.8083074658,-0.2635097852,-0.6238849246,-0.7436114509,-0.2404362928,-0.3631734432,-0.3925081793,-0.2361945869,-0.5564722373,-0.5741695073,-0.3107521176,-0.6727010085,-0.5618464569,-0.3068003431,-0,0,0
Idle,0,0,0,-0.02234704342,-0.4016468011,0.002514522656,-0.00839959087,-0.6296232343,-0.03007979242,0.04739021932,-0.8822457684,-0.07554692482,0.1124783312,-1.045526187,-0.1185012564,0.1078291804,-0.8452766171,-0.08135512672,0.1473469626,-1.168756691,-0.1534560734,0.1705927168,-1.390571599,-0.1918592208,0.1961630465,-1.578498118,-0.2191927694,0.1510703122,-0.707412314,-0.1342278659,0.2217333762,-1.113302964,-0.2130435173,0.2473037058,-1.396733124,-0.2400968887,0.2612511584,-1.649355658,-0.2567922381,0.2566020075,-0.592654083,-0.1853079845,0.4588400694,-0.8945688189,-0.2718048781,0.5518230864,-0.8083074658,-0.2635097852,0.6238849246,-0.7436114509,-0.2404362928,0.3631734432,-0.3925081793,-0.2361945869,0.5564722373,-0.5741695073,-0.3107521176,0.6727010085,-0.5618464569,-0.3068003431,0,0,0,0,0,0,0,0,0,0,0,0,0,0,0,0,0,0,0,0,0,0,0,0,0,0,0,0,0,0,0,0,0,0,0,0,0,0,0,0,0,0,0,0,0,0,0,0,0,0,0,0,0,0,0,0,0,0,0,0,0,0,0,0,0,0
Idle,0,0,0,0,0,0,0,0,0,0,0,0,0,0,0,0,0,0,0,0,0,0,0,0,0,0,0,0,0,0,0,0,0,0,0,0,0,0,0,0,0,0,0,0,0,0,0,0,0,0,0,0,0,0,0,0,0,0,0,0,0,0,0,0,0,0,0,0,0,0,0,0,0,0,0,0,0,0,0,0,0,0,0,0,0,0,0,0,0,0,-0.1341103096,-0.960193577,-0.2450361599,-0.1807794718,-1.380672298,-0.4813648726,-0.2083560014,-1.697414767,-0.5304699648,-0.2083560014,-2.050704443,-0.5220873249,-0.02451247075,-0.9502274054,-0.279051078,-0.2543168841,-1.177632255,-0.4860712882,-0.392199532,-0.9461666045,-0.4404788111,-0.5331462389,-0.698457751,-0.3619695099,0.09804988301,-0.6862753483,-0.3265057546,-0.1194982949,-0.7877953703,-0.4744101567,-0.2788293548,-0.6091201317,-0.4515713685,-0.3983276497,-0.4710529018,-0.4010410444
Idle,0,0,0,0.03974797215,-0.518707112,0.05882283392,0.03974797215,-0.6707613634,0.02770324876,0.1162358683,-0.9748698663,-0.03201036363,0,0,0,0,0,0,0,0,0,0,0,0,0,0,0,0.2590132745,-0.9917647831,-0.131835398,0.2666620641,-1.258704469,-0.2125170629,0.2870588364,-1.556055005,-0.2336625458,0.3151043984,-1.812857741,-0.2394011553,0.2570556545,-0.6404441317,-0.2061728663,0.516522525,-1.015417667,-0.2622698543,0.6287047727,-0.8903952821,-0.2294200092,0.7077422654,-0.7957837479,-0.1972053728,0.3992410842,-0.444369478,-0.2777971532,0.6057584038,-0.6403505131,-0.3215161393,0.7357878273,-0.6133186462,-0.2871524184,0.7171911269,-0.4778398057,-0.2510089631,0,0,0,0,0,0,0,0,0,0,0,0,0,0,0,0,0,0,0,0,0,0,0,0,0,0,0,0.01433879057,-0.9622373184,-0.2718340343,-0.0827790055,-1.415494327,-0.4974308365,-0.1186251615,-1.808506399,-0.5455138925,-0.1121076786,-2.141055075,-0.541792709,0.0671231013,-0.9447436044,-0.3146120686,-0.1837999905,-1.225466513,-0.510787946,-0.3825832191,-0.9188307206,-0.4736728563,-0.5161916186,-0.7115276499,-0.4048574556,0.1779203107,-0.68993358,-0.3664030185,-0.07300278114,-0.8151791852,-0.4986098109,-0.2391985952,-0.6510642543,-0.4692882166,-0.4021356678,-0.5085433932,-0.4176477686
Idle,-0,0,0,-0,0,0,-0,0,0,-0,0,0,-0,0,0,-0,0,0,-0,0,0,-0,0,0,-0,0,0,-0.01433879057,-0.9622373184,-0.2718340343,0.0827790055,-1.415494327,-0.4974308365,0.1186251615,-1.808506399,-0.5455138925,0.1121076786,-2.141055075,-0.541792709,-0.0671231013,-0.9447436044,-0.3146120686,0.1837999905,-1.225466513,-0.510787946,0.3825832191,-0.9188307206,-0.4736728563,0.5161916186,-0.7115276499,-0.4048574556,-0.1779203107,-0.68993358,-0.3664030185,0.07300278114,-0.8151791852,-0.4986098109,0.2391985952,-0.6510642543,-0.4692882166,0.4021356678,-0.5085433932,-0.4176477686,-0,0,0,-0.03974797215,-0.518707112,0.05882283392,-0.03974797215,-0.6707613634,0.02770324876,-0.1162358683,-0.9748698663,-0.03201036363,-0,0,0,-0,0,0,-0,0,0,-0,0,0,-0,0,0,-0.2590132745,-0.9917647831,-0.131835398,-0.2666620641,-1.258704469,-0.2125170629,-0.2870588364,-1.556055005,-0.2336625458,-0.3151043984,-1.812857741,-0.2394011553,-0.2570556545,-0.6404441317,-0.2061728663,-0.516522525,-1.015417667,-0.2622698543,-0.6287047727,-0.8903952821,-0.2294200092,-0.7077422654,-0.7957837479,-0.1972053728,-0.3992410842,-0.444369478,-0.2777971532,-0.6057584038,-0.6403505131,-0.3215161393,-0.7357878273,-0.6133186462,-0.2871524184,-0.7171911269,-0.4778398057,-0.2510089631
Idle,0,0,0,0.03974797215,-0.518707112,0.05882283392,0.03974797215,-0.6707613634,0.02770324876,0.1162358683,-0.9748698663,-0.03201036363,0,0,0,0,0,0,0,0,0,0,0,0,0,0,0,0.2590132745,-0.9917647831,-0.131835398,0.2666620641,-1.258704469,-0.2125170629,0.2870588364,-1.556055005,-0.2336625458,0.3151043984,-1.812857741,-0.2394011553,0.2570556545,-0.6404441317,-0.2061728663,0.516522525,-1.015417667,-0.2622698543,0.6287047727,-0.8903952821,-0.2294200092,0.7077422654,-0.7957837479,-0.1972053728,0.3992410842,-0.444369478,-0.2777971532,0.6057584038,-0.6403505131,-0.3215161393,0.7357878273,-0.6133186462,-0.2871524184,0.7171911269,-0.4778398057,-0.2510089631,0,0,0,0,0,0,0,0,0,0,0,0,0,0,0,0,0,0,0,0,0,0,0,0,0,0,0,0,0,0,0,0,0,0,0,0,0,0,0,0,0,0,0,0,0,0,0,0,0,0,0,0,0,0,0,0,0,0,0,0,0,0,0
Idle,0,0,0,0.03974797215,-0.518707112,0.05882283392,0.03974797215,-0.6707613634,0.02770324876,0.1162358683,-0.9748698663,-0.03201036363,0,0,0,0,0,0,0,0,0,0,0,0,0,0,0,0.2590132745,-0.9917647831,-0.131835398,0.2666620641,-1.258704469,-0.2125170629,0.2870588364,-1.556055005,-0.2336625458,0.3151043984,-1.812857741,-0.2394011553,0.2570556545,-0.6404441317,-0.2061728663,0.516522525,-1.015417667,-0.2622698543,0.6287047727,-0.8903952821,-0.2294200092,0.7077422654,-0.7957837479,-0.1972053728,0.3992410842,-0.444369478,-0.2777971532,0.6057584038,-0.6403505131,-0.3215161393,0.7357878273,-0.6133186462,-0.2871524184,0.7171911269,-0.4778398057,-0.2510089631,0,0,0,0,0,0,0,0,0,0,0,0,0,0,0,0,0,0,0,0,0,0,0,0,0,0,0,0,0,0,0,0,0,0,0,0,0,0,0,0,0,0,0,0,0,0,0,0,0,0,0,0,0,0,0,0,0,0,0,0,0,0,0
